Player,Pos,Age,Tm,G,GS,MP,FG,FGA,FG%,3P,3PA,3P%,2P,2PA,2P%,eFG%,FT,FTA,FT%,ORB,DRB,TRB,AST,STL,BLK,TOV,PF,PTS,YR
AJ Griffin,SF,19,ATL,72,12,19.5,3.4,7.4,0.465,1.4,3.6,0.39,2.0,3.8,0.536,0.56,0.6,0.7,0.894,0.5,1.6,2.1,1.0,0.6,0.2,0.6,1.2,8.9,2023
Aaron Nesmith,SF,21,BOS,46,1,14.5,1.7,3.9,0.438,0.9,2.3,0.37,0.8,1.5,0.543,0.551,0.5,0.6,0.786,0.6,2.2,2.8,0.5,0.3,0.2,0.5,1.9,4.7,2021
Aaron Nesmith,SF,22,BOS,52,3,11.0,1.4,3.5,0.396,0.6,2.2,0.27,0.8,1.3,0.612,0.481,0.4,0.5,0.808,0.3,1.4,1.7,0.4,0.4,0.1,0.6,1.3,3.8,2022
Aaron Nesmith,SF,23,IND,73,60,24.9,3.5,8.1,0.427,1.6,4.3,0.366,1.9,3.8,0.496,0.525,1.6,1.9,0.838,0.8,2.9,3.8,1.3,0.8,0.5,1.0,3.2,10.1,2023
Andre Iguodala,SF,35,GSW,68,13,23.2,2.2,4.4,0.5,0.7,2.1,0.333,1.5,2.3,0.652,0.579,0.6,1.0,0.582,0.7,3.0,3.7,3.2,0.9,0.8,0.8,1.4,5.7,2019
Andre Iguodala,SF,36,MIA,21,0,19.9,1.8,4.2,0.432,0.7,2.2,0.298,1.1,2.0,0.585,0.511,0.3,0.7,0.4,0.8,2.9,3.7,2.4,0.7,1.0,1.2,1.7,4.6,2020
Andre Iguodala,SF,37,MIA,63,5,21.3,1.5,3.9,0.383,1.0,2.9,0.33,0.6,1.0,0.53,0.504,0.4,0.6,0.658,0.6,2.9,3.5,2.3,0.9,0.6,1.1,1.4,4.4,2021
Andre Iguodala,SF,38,GSW,31,0,19.5,1.5,3.9,0.38,0.5,2.4,0.23,0.9,1.5,0.617,0.45,0.5,0.6,0.75,0.7,2.5,3.2,3.7,0.9,0.7,0.9,1.1,4.0,2022
Andre Iguodala,SF,39,GSW,8,0,14.1,0.9,1.9,0.467,0.1,1.1,0.111,0.8,0.8,1.0,0.5,0.3,0.4,0.667,0.4,1.8,2.1,2.4,0.5,0.4,1.1,1.4,2.1,2023
Andrew Wiggins,SF,23,MIN,73,73,34.8,6.8,16.6,0.412,1.6,4.8,0.339,5.2,11.8,0.441,0.461,2.8,4.1,0.699,1.1,3.7,4.8,2.5,1.0,0.7,1.9,2.1,18.1,2019
Andrew Wiggins,SF,24,TOT,54,54,34.4,8.1,18.1,0.447,2.1,6.2,0.332,6.0,11.9,0.506,0.504,3.5,5.0,0.709,1.2,3.9,5.1,3.7,0.8,1.0,2.4,2.4,21.8,2020
Andrew Wiggins,SF,25,GSW,71,71,33.3,7.1,14.9,0.477,2.0,5.2,0.38,5.1,9.7,0.529,0.543,2.4,3.4,0.714,1.2,3.7,4.9,2.4,0.9,1.0,1.8,2.2,18.6,2021
Andrew Wiggins,SF,26,GSW,73,73,31.9,6.5,14.0,0.466,2.2,5.5,0.393,4.4,8.5,0.513,0.543,2.0,3.2,0.634,1.2,3.3,4.5,2.2,1.0,0.7,1.5,2.2,17.2,2022
Andrew Wiggins,SF,27,GSW,37,37,32.2,6.8,14.3,0.473,2.4,6.1,0.396,4.4,8.2,0.53,0.557,1.2,1.9,0.611,1.6,3.4,5.0,2.3,1.2,0.8,1.3,2.9,17.1,2023
Anthony Lamb,SF,23,HOU,24,3,17.3,1.9,4.9,0.39,1.0,3.0,0.324,1.0,2.0,0.489,0.487,0.8,0.9,0.857,1.1,1.8,2.9,1.0,0.3,0.2,0.8,1.4,5.5,2021
Anthony Lamb,SF,25,GSW,62,4,19.3,2.4,5.1,0.471,1.2,3.2,0.367,1.2,1.9,0.652,0.588,0.7,1.0,0.767,0.9,2.6,3.5,1.5,0.5,0.3,0.9,2.2,6.7,2023
Bojan Bogdanovi?,SF,29,IND,81,81,31.8,6.4,13.0,0.497,2.0,4.8,0.425,4.4,8.2,0.538,0.575,3.0,3.8,0.807,0.4,3.7,4.1,2.0,0.9,0.0,1.7,1.7,18.0,2019
Bojan Bogdanovi?,SF,30,UTA,63,63,33.1,6.6,14.8,0.447,3.0,7.3,0.414,3.6,7.6,0.479,0.548,4.0,4.4,0.903,0.6,3.5,4.1,2.1,0.5,0.1,2.5,1.7,20.2,2020
Bojan Bogdanovi?,SF,31,UTA,72,72,30.8,5.6,12.8,0.439,2.5,6.4,0.39,3.1,6.4,0.487,0.536,3.2,3.7,0.879,0.6,3.3,3.9,1.9,0.6,0.1,1.8,1.6,17.0,2021
Bojan Bogdanovi?,SF,32,UTA,69,69,30.9,6.1,13.4,0.455,2.6,6.8,0.387,3.5,6.7,0.524,0.552,3.2,3.8,0.858,0.8,3.4,4.3,1.7,0.5,0.0,1.7,1.7,18.1,2022
Bojan Bogdanovi?,SF,33,DET,59,59,32.1,7.3,14.9,0.488,2.5,6.0,0.411,4.8,9.0,0.539,0.57,4.5,5.1,0.884,0.6,3.2,3.8,2.6,0.6,0.1,2.3,1.9,21.6,2023
Brandon Ingram,SF,21,LAL,52,52,33.8,7.0,14.0,0.497,0.6,1.8,0.33,6.4,12.2,0.521,0.518,3.8,5.6,0.675,0.8,4.3,5.1,3.0,0.5,0.6,2.5,2.9,18.3,2019
Brandon Ingram,SF,22,NOP,62,62,33.9,8.2,17.7,0.463,2.4,6.2,0.391,5.8,11.5,0.501,0.531,5.0,5.9,0.851,0.8,5.3,6.1,4.2,1.0,0.6,3.0,2.9,23.8,2020
Brandon Ingram,SF,23,NOP,61,61,34.3,8.4,18.0,0.466,2.3,6.1,0.381,6.1,11.9,0.51,0.531,4.6,5.2,0.878,0.6,4.3,4.9,4.9,0.7,0.6,2.5,2.0,23.8,2021
Brandon Ingram,SF,24,NOP,55,55,34.0,8.2,17.9,0.461,1.3,4.1,0.327,6.9,13.8,0.501,0.498,4.8,5.9,0.826,0.6,5.2,5.8,5.6,0.6,0.5,2.7,2.2,22.7,2022
Brandon Ingram,SF,25,NOP,45,45,34.2,9.0,18.6,0.484,1.4,3.6,0.39,7.6,14.9,0.507,0.522,5.3,6.0,0.882,0.5,5.0,5.5,5.8,0.7,0.4,3.3,2.6,24.7,2023
Braxton Key,SF,24,TOT,11,0,17.9,3.0,6.5,0.458,0.5,1.9,0.286,2.5,4.6,0.529,0.5,0.6,1.2,0.538,1.2,3.4,4.5,1.0,0.9,1.0,1.0,2.4,7.2,2022
Braxton Key,SF,25,DET,3,0,3.0,0.3,0.3,1.0,0.0,0.0,0.0,0.3,0.3,1.0,1.0,0.7,0.7,1.0,0.0,0.3,0.3,0.0,0.0,0.0,0.0,0.0,1.3,2023
Buddy Boeheim,SF,23,DET,10,0,9.0,0.5,2.7,0.185,0.4,2.5,0.16,0.1,0.2,0.5,0.259,0.2,0.2,1.0,0.2,0.4,0.6,0.4,0.2,0.0,0.0,0.6,1.6,2023
Caleb Houstan,SF,20,ORL,51,4,15.9,1.3,3.6,0.363,0.9,2.7,0.338,0.4,0.9,0.435,0.489,0.3,0.4,0.833,0.7,1.3,1.9,0.6,0.2,0.1,0.4,1.2,3.8,2023
Caleb Martin,SF,24,CHO,18,1,17.6,2.1,4.7,0.44,1.1,2.1,0.541,0.9,2.6,0.362,0.56,0.9,1.2,0.81,0.6,1.6,2.1,1.3,0.7,0.4,0.8,1.8,6.2,2020
Caleb Martin,SF,25,CHO,53,3,15.4,1.8,4.8,0.375,0.6,2.4,0.248,1.2,2.5,0.496,0.436,0.8,1.2,0.641,0.6,2.1,2.7,1.3,0.7,0.2,0.6,1.2,5.0,2021
Caleb Martin,SF,26,MIA,60,12,22.9,3.5,6.8,0.507,1.1,2.6,0.413,2.4,4.3,0.565,0.585,1.2,1.6,0.763,1.2,2.7,3.8,1.1,1.0,0.5,0.9,1.7,9.2,2022
Caleb Martin,SF,27,MIA,71,49,29.3,3.6,7.7,0.464,1.2,3.3,0.356,2.4,4.4,0.545,0.54,1.3,1.6,0.805,1.2,3.6,4.8,1.6,1.0,0.4,1.1,2.0,9.6,2023
Cam Reddish,SF,20,ATL,58,34,26.7,3.7,9.6,0.384,1.4,4.3,0.332,2.2,5.2,0.428,0.459,1.7,2.2,0.802,0.6,3.1,3.7,1.5,1.1,0.5,1.7,2.3,10.5,2020
Cam Reddish,SF,21,ATL,26,21,28.8,3.7,10.1,0.365,1.3,4.8,0.262,2.4,5.3,0.46,0.428,2.6,3.2,0.817,0.8,3.2,4.0,1.3,1.3,0.3,1.3,2.6,11.2,2021
Cam Reddish,SF,22,TOT,49,7,20.7,3.4,8.3,0.404,1.3,3.8,0.359,2.0,4.6,0.442,0.485,2.1,2.3,0.902,0.5,1.6,2.1,1.0,1.0,0.3,1.2,1.2,10.1,2022
Cam Reddish,SF,23,TOT,40,20,24.8,3.5,7.8,0.446,1.1,3.6,0.313,2.4,4.2,0.56,0.518,1.6,1.9,0.853,0.5,1.8,2.2,1.4,1.0,0.4,1.2,1.8,9.7,2023
Cedi Osman,SF,23,CLE,76,75,32.2,4.7,11.1,0.427,1.7,4.9,0.348,3.0,6.2,0.489,0.504,1.9,2.4,0.779,0.6,4.1,4.7,2.6,0.8,0.1,1.5,2.6,13.0,2019
Cedi Osman,SF,24,CLE,65,65,29.4,4.1,9.4,0.437,1.9,4.9,0.383,2.2,4.4,0.497,0.538,1.0,1.4,0.67,0.6,3.0,3.6,2.4,0.8,0.2,1.4,2.5,11.0,2020
Cedi Osman,SF,25,CLE,59,26,25.6,3.7,9.9,0.374,1.7,5.5,0.306,2.0,4.4,0.458,0.458,1.3,1.6,0.8,0.6,2.8,3.4,2.9,0.9,0.2,1.4,2.0,10.4,2021
Cedi Osman,SF,26,CLE,66,3,22.2,3.7,8.7,0.432,1.9,5.4,0.357,1.8,3.2,0.559,0.544,1.3,2.0,0.664,0.4,1.8,2.2,2.0,0.8,0.2,1.0,1.9,10.7,2022
Cedi Osman,SF,27,CLE,77,2,20.1,3.1,6.9,0.451,1.5,4.1,0.372,1.6,2.8,0.564,0.56,1.0,1.4,0.694,0.3,2.0,2.3,1.5,0.5,0.1,0.7,1.6,8.7,2023
Chima Moneke,SF,27,SAC,2,0,4.0,0.5,1.0,0.5,0.0,0.0,0.0,0.5,1.0,0.5,0.5,0.0,1.0,0.0,1.0,0.0,1.0,0.5,0.0,0.0,1.0,1.0,1.0,2023
Cody Martin,SF,24,CHO,48,3,18.8,1.9,4.3,0.43,0.4,1.6,0.234,1.5,2.7,0.546,0.473,0.9,1.4,0.646,0.8,2.5,3.3,2.0,0.8,0.2,0.9,1.6,5.0,2020
Cody Martin,SF,25,CHO,52,10,16.3,1.6,3.6,0.441,0.3,1.1,0.276,1.3,2.5,0.515,0.484,0.5,0.8,0.581,1.0,2.1,3.1,1.7,0.7,0.2,0.8,1.0,4.0,2021
Cody Martin,SF,26,CHO,71,11,26.3,2.9,6.0,0.482,0.9,2.2,0.384,2.0,3.7,0.542,0.554,1.1,1.5,0.701,1.2,2.9,4.0,2.5,1.2,0.5,0.9,1.6,7.7,2022
Cody Martin,SF,27,CHO,7,0,19.1,2.0,5.1,0.389,0.4,2.0,0.214,1.6,3.1,0.5,0.431,0.6,1.0,0.571,1.1,2.3,3.4,1.6,0.6,0.1,0.3,1.9,5.0,2023
Cole Swider,SF,23,LAL,7,0,5.9,0.4,1.3,0.333,0.4,1.1,0.375,0.0,0.1,0.0,0.5,0.0,0.0,0.0,0.1,0.9,1.0,0.6,0.0,0.0,0.0,0.4,1.3,2023
Corey Kispert,SF,22,WAS,77,36,23.4,3.0,6.7,0.455,1.5,4.2,0.35,1.6,2.5,0.629,0.564,0.7,0.8,0.871,0.7,2.0,2.7,1.1,0.5,0.3,0.6,1.2,8.2,2022
Corey Kispert,SF,23,WAS,74,45,28.3,3.9,7.9,0.497,2.2,5.2,0.424,1.7,2.7,0.637,0.637,1.0,1.2,0.852,0.4,2.4,2.8,1.2,0.4,0.1,0.7,1.3,11.1,2023
Danuel House Jr.,SF,25,HOU,39,13,25.1,3.0,6.5,0.468,1.9,4.6,0.416,1.1,1.9,0.595,0.615,1.4,1.8,0.789,0.6,2.9,3.6,1.0,0.5,0.3,0.9,2.1,9.4,2019
Danuel House Jr.,SF,26,HOU,63,52,30.4,3.7,8.6,0.427,2.0,5.6,0.363,1.6,2.9,0.549,0.546,1.2,1.4,0.811,0.9,3.3,4.2,1.3,1.1,0.5,0.9,2.1,10.5,2020
Danuel House Jr.,SF,27,HOU,36,23,25.9,3.1,7.6,0.404,1.5,4.3,0.346,1.6,3.2,0.483,0.504,1.1,1.8,0.651,0.5,3.2,3.7,1.9,0.6,0.4,1.0,1.9,8.8,2021
Danuel House Jr.,SF,28,TOT,42,7,17.3,1.9,4.7,0.404,1.0,2.8,0.376,0.9,1.9,0.444,0.515,1.0,1.4,0.759,0.4,2.2,2.6,1.0,0.5,0.4,0.8,1.2,5.9,2022
Danuel House Jr.,SF,29,PHI,56,5,14.4,1.7,3.5,0.472,0.7,2.0,0.336,1.0,1.6,0.644,0.566,0.8,1.1,0.75,0.2,1.5,1.7,0.8,0.3,0.2,0.5,1.2,4.8,2023
Darius Days,SF,23,HOU,4,0,6.3,1.3,3.0,0.417,0.8,2.5,0.3,0.5,0.5,1.0,0.542,0.5,0.5,1.0,0.3,1.3,1.5,0.3,0.0,0.3,0.0,0.5,3.8,2023
De'Andre Hunter,SF,22,ATL,63,62,32.0,4.4,10.8,0.41,1.7,4.8,0.355,2.7,6.0,0.454,0.489,1.7,2.3,0.764,0.7,3.8,4.5,1.8,0.7,0.3,1.6,2.9,12.3,2020
De'Andre Hunter,SF,23,ATL,23,19,29.5,5.2,10.8,0.484,1.3,4.1,0.326,3.9,6.7,0.582,0.546,3.2,3.7,0.859,0.7,4.0,4.8,1.9,0.8,0.5,1.3,2.6,15.0,2021
De'Andre Hunter,SF,24,ATL,53,52,29.8,4.8,10.8,0.442,1.4,3.7,0.379,3.4,7.2,0.474,0.506,2.4,3.1,0.765,0.5,2.8,3.3,1.3,0.7,0.4,1.3,2.9,13.4,2022
De'Andre Hunter,SF,25,ATL,67,67,31.7,5.7,12.3,0.461,1.5,4.3,0.35,4.2,8.0,0.521,0.522,2.6,3.1,0.826,0.7,3.6,4.2,1.4,0.5,0.3,1.2,3.0,15.4,2023
DeMar DeRozan,SF,29,SAS,77,77,34.9,8.2,17.1,0.481,0.1,0.6,0.156,8.1,16.5,0.492,0.483,4.8,5.7,0.83,0.7,5.3,6.0,6.2,1.1,0.5,2.6,2.3,21.2,2019
DeMar DeRozan,SF,30,SAS,68,68,34.1,8.2,15.4,0.531,0.1,0.5,0.257,8.1,14.9,0.54,0.535,5.6,6.6,0.845,0.6,4.9,5.5,5.6,1.0,0.3,2.4,2.6,22.1,2020
DeMar DeRozan,SF,31,SAS,61,61,33.7,7.5,15.1,0.495,0.3,1.2,0.257,7.1,13.9,0.515,0.505,6.3,7.2,0.88,0.7,3.6,4.2,6.9,0.9,0.2,2.0,2.1,21.6,2021
DeMar DeRozan,SF,32,CHI,76,76,36.1,10.2,20.2,0.504,0.7,1.9,0.352,9.5,18.3,0.52,0.521,6.8,7.8,0.877,0.7,4.4,5.2,4.9,0.9,0.3,2.4,2.3,27.9,2022
DeMar DeRozan,SF,33,CHI,74,74,36.2,8.9,17.6,0.504,0.6,1.9,0.324,8.3,15.7,0.526,0.522,6.2,7.1,0.872,0.5,4.2,4.6,5.1,1.1,0.5,2.1,2.5,24.5,2023
Deni Avdija,SF,20,WAS,54,32,23.3,2.4,5.8,0.417,1.0,3.1,0.315,1.4,2.7,0.535,0.502,0.5,0.8,0.644,0.4,4.4,4.9,1.2,0.6,0.3,0.6,2.6,6.3,2021
Deni Avdija,SF,21,WAS,82,8,24.2,3.0,7.1,0.432,1.0,3.2,0.317,2.0,3.9,0.525,0.503,1.3,1.7,0.757,0.6,4.5,5.2,2.0,0.7,0.5,1.1,2.3,8.4,2022
Deni Avdija,SF,22,WAS,76,40,26.6,3.3,7.6,0.437,0.9,3.1,0.297,2.4,4.6,0.53,0.497,1.6,2.2,0.739,1.0,5.4,6.4,2.8,0.9,0.4,1.6,2.8,9.2,2023
Derrick Jones Jr.,SF,21,MIA,60,14,19.2,2.7,5.4,0.494,0.5,1.5,0.308,2.2,3.9,0.567,0.537,1.2,2.0,0.607,1.6,2.4,4.0,0.6,0.8,0.7,0.7,2.1,7.0,2019
Derrick Jones Jr.,SF,22,MIA,59,16,23.3,3.1,5.9,0.527,0.6,2.2,0.28,2.5,3.7,0.677,0.58,1.6,2.1,0.772,1.1,2.8,3.9,1.1,1.0,0.6,0.5,2.2,8.5,2020
Derrick Jones Jr.,SF,23,POR,58,43,22.7,2.5,5.2,0.484,0.7,2.3,0.316,1.8,2.9,0.619,0.554,1.0,1.6,0.648,1.3,2.2,3.5,0.8,0.6,0.9,0.6,2.2,6.8,2021
Derrick Jones Jr.,SF,24,CHI,51,8,17.6,2.1,3.8,0.538,0.4,1.2,0.328,1.7,2.6,0.634,0.59,1.1,1.4,0.8,1.2,2.1,3.3,0.6,0.5,0.6,0.6,2.1,5.6,2022
Derrick Jones Jr.,SF,25,CHI,64,0,14.0,1.8,3.6,0.5,0.4,1.3,0.338,1.4,2.3,0.587,0.559,1.0,1.3,0.738,0.9,1.5,2.4,0.5,0.5,0.6,0.4,1.3,5.0,2023
Devin Vassell,SF,21,SAS,71,32,27.3,4.6,10.8,0.427,1.9,5.4,0.361,2.7,5.4,0.492,0.516,1.2,1.4,0.838,0.6,3.7,4.3,1.9,1.1,0.6,0.8,2.0,12.3,2019
Devin Vassell,SF,20,SAS,62,7,17.0,2.0,4.9,0.406,0.8,2.4,0.347,1.1,2.5,0.464,0.492,0.7,0.8,0.843,0.4,2.4,2.8,0.9,0.7,0.3,0.4,1.4,5.5,2021
Devin Vassell,SF,21,SAS,71,32,27.3,4.6,10.8,0.427,1.9,5.4,0.361,2.7,5.4,0.492,0.516,1.2,1.4,0.838,0.6,3.7,4.3,1.9,1.1,0.6,0.8,2.0,12.3,2022
Devin Vassell,SF,22,SAS,38,32,31.0,6.9,15.7,0.439,2.7,7.0,0.387,4.2,8.7,0.48,0.525,2.1,2.6,0.78,0.2,3.7,3.9,3.6,1.1,0.4,1.5,1.5,18.5,2023
Dillon Brooks,SF,23,MEM,18,0,18.3,2.7,6.8,0.402,0.8,2.2,0.375,1.9,4.6,0.415,0.463,1.2,1.7,0.733,0.5,1.2,1.7,0.9,0.6,0.2,1.1,2.8,7.5,2019
Dillon Brooks,SF,24,MEM,73,73,28.9,6.0,14.6,0.407,2.0,5.6,0.358,3.9,9.0,0.438,0.476,2.2,2.8,0.808,0.9,2.4,3.3,2.1,0.9,0.4,1.7,3.8,16.2,2020
Dillon Brooks,SF,25,MEM,67,67,29.8,6.4,15.4,0.419,1.9,5.6,0.344,4.5,9.8,0.461,0.481,2.4,2.9,0.815,0.8,2.1,2.9,2.3,1.2,0.4,1.8,3.5,17.2,2021
Dillon Brooks,SF,26,MEM,32,31,27.7,7.1,16.4,0.432,1.4,4.7,0.309,5.7,11.8,0.48,0.475,2.8,3.3,0.849,0.9,2.3,3.2,2.8,1.1,0.3,1.6,3.3,18.4,2022
Dillon Brooks,SF,27,MEM,73,73,30.3,5.4,13.6,0.396,2.0,6.0,0.326,3.4,7.6,0.451,0.468,1.6,2.1,0.779,0.6,2.7,3.3,2.6,0.9,0.2,1.4,3.3,14.3,2023
Duncan Robinson,SF,24,MIA,15,1,10.7,1.2,3.1,0.391,0.7,2.3,0.286,0.5,0.7,0.727,0.5,0.3,0.4,0.667,0.1,1.1,1.3,0.3,0.3,0.0,0.3,0.7,3.3,2019
Duncan Robinson,SF,25,MIA,73,68,29.7,4.4,9.4,0.47,3.7,8.3,0.446,0.7,1.1,0.654,0.667,0.9,1.0,0.931,0.1,3.0,3.2,1.4,0.5,0.3,1.0,2.6,13.5,2020
Duncan Robinson,SF,26,MIA,72,72,31.4,4.4,10.0,0.439,3.5,8.5,0.408,0.9,1.4,0.625,0.614,0.9,1.0,0.827,0.1,3.4,3.5,1.8,0.6,0.3,1.1,2.5,13.1,2021
Duncan Robinson,SF,27,MIA,79,68,25.9,3.7,9.2,0.399,2.9,7.9,0.372,0.7,1.3,0.569,0.559,0.6,0.8,0.836,0.3,2.3,2.6,1.6,0.5,0.2,0.8,2.5,10.9,2022
Duncan Robinson,SF,28,MIA,42,1,16.5,2.1,5.6,0.371,1.5,4.6,0.328,0.6,1.1,0.556,0.504,0.7,0.8,0.906,0.2,1.5,1.6,1.1,0.3,0.0,0.7,1.8,6.4,2023
Dylan Windler,SF,25,CLE,50,0,9.2,0.7,2.0,0.378,0.4,1.4,0.3,0.3,0.6,0.571,0.485,0.3,0.4,0.833,0.4,1.4,1.8,0.7,0.3,0.1,0.3,0.9,2.2,2019
Dylan Windler,SF,24,CLE,31,0,16.5,1.8,4.2,0.438,0.8,2.5,0.338,1.0,1.7,0.585,0.538,0.7,0.9,0.778,0.6,2.8,3.5,1.1,0.6,0.4,1.0,1.2,5.2,2021
Dylan Windler,SF,25,CLE,50,0,9.2,0.7,2.0,0.378,0.4,1.4,0.3,0.3,0.6,0.571,0.485,0.3,0.4,0.833,0.4,1.4,1.8,0.7,0.3,0.1,0.3,0.9,2.2,2022
Dylan Windler,SF,26,CLE,3,0,3.3,0.7,1.0,0.667,0.3,0.7,0.5,0.3,0.3,1.0,0.833,0.0,0.0,0.0,0.0,0.0,0.0,0.3,0.3,0.0,0.3,0.0,1.7,2023
Eugene Omoruyi,SF,24,DAL,4,0,4.5,0.5,1.3,0.4,0.3,0.5,0.5,0.3,0.8,0.333,0.5,0.5,1.0,0.5,0.5,1.3,1.8,0.5,0.0,0.0,0.0,0.5,1.8,2022
Eugene Omoruyi,SF,25,TOT,40,6,16.1,2.5,5.7,0.443,0.6,2.2,0.281,1.9,3.5,0.547,0.498,1.3,1.9,0.68,1.1,1.7,2.8,0.7,0.7,0.1,0.9,2.3,7.0,2023
Franz Wagner,SF,20,ORL,79,79,30.7,5.8,12.3,0.468,1.2,3.4,0.354,4.6,8.9,0.511,0.517,2.4,2.8,0.863,1.1,3.4,4.5,2.9,0.9,0.4,1.5,2.1,15.2,2019
Franz Wagner,SF,20,ORL,79,79,30.7,5.8,12.3,0.468,1.2,3.4,0.354,4.6,8.9,0.511,0.517,2.4,2.8,0.863,1.1,3.4,4.5,2.9,0.9,0.4,1.5,2.1,15.2,2022
Franz Wagner,SF,21,ORL,80,80,32.6,6.8,14.0,0.485,1.6,4.5,0.361,5.2,9.5,0.544,0.543,3.4,4.0,0.842,0.9,3.2,4.1,3.5,1.0,0.2,2.1,2.3,18.6,2023
Gordon Hayward,SF,28,BOS,72,18,25.9,4.1,8.8,0.466,1.1,3.2,0.333,3.0,5.6,0.542,0.527,2.2,2.6,0.834,0.7,3.8,4.5,3.4,0.9,0.3,1.5,1.4,11.5,2019
Gordon Hayward,SF,29,BOS,52,52,33.5,6.7,13.5,0.5,1.6,4.3,0.383,5.1,9.2,0.554,0.561,2.4,2.8,0.855,1.1,5.6,6.7,4.1,0.7,0.4,1.8,1.8,17.5,2020
Gordon Hayward,SF,30,CHO,44,44,34.0,7.1,15.0,0.473,1.9,4.7,0.415,5.1,10.3,0.499,0.537,3.5,4.2,0.843,0.8,5.0,5.9,4.1,1.2,0.3,2.1,1.7,19.6,2021
Gordon Hayward,SF,31,CHO,49,48,31.9,5.8,12.6,0.459,1.8,4.5,0.391,4.0,8.1,0.496,0.528,2.6,3.0,0.846,0.8,3.8,4.6,3.6,1.0,0.4,1.7,1.7,15.9,2022
Gordon Hayward,SF,32,CHO,50,50,31.5,5.5,11.6,0.475,1.0,3.2,0.325,4.5,8.4,0.532,0.52,2.6,3.2,0.811,0.7,3.6,4.3,4.1,0.8,0.2,2.0,1.4,14.7,2023
Greg Brown III,SF,20,POR,48,6,13.3,1.7,4.0,0.426,0.4,1.3,0.311,1.3,2.7,0.481,0.476,0.9,1.4,0.677,0.8,2.0,2.8,0.7,0.5,0.5,0.8,1.9,4.7,2022
Greg Brown III,SF,21,POR,16,0,5.8,0.7,1.8,0.393,0.1,0.4,0.143,0.6,1.3,0.476,0.411,0.3,0.8,0.417,0.1,1.1,1.2,0.2,0.3,0.3,0.4,0.8,1.8,2023
Haywood Highsmith,SF,22,PHI,5,0,8.0,0.8,2.0,0.4,0.2,1.0,0.2,0.6,1.0,0.6,0.45,0.0,0.4,0.0,0.0,1.0,1.0,0.4,0.2,0.0,0.2,0.2,1.8,2019
Haywood Highsmith,SF,25,MIA,19,1,8.6,0.8,2.4,0.348,0.5,1.5,0.321,0.4,0.9,0.389,0.446,0.1,0.3,0.4,0.5,0.8,1.4,0.3,0.1,0.2,0.2,0.7,2.3,2022
Haywood Highsmith,SF,26,MIA,54,11,17.9,1.7,4.0,0.431,0.7,2.0,0.339,1.0,2.0,0.523,0.516,0.2,0.5,0.464,1.1,2.4,3.5,0.8,0.7,0.3,0.8,1.5,4.4,2023
Isaac Okoro,SF,20,CLE,67,67,32.4,3.5,8.3,0.42,0.9,3.2,0.29,2.6,5.1,0.501,0.476,1.7,2.3,0.726,1.0,2.1,3.1,1.9,0.9,0.4,1.3,2.8,9.6,2021
Isaac Okoro,SF,21,CLE,67,61,29.6,3.1,6.4,0.48,0.8,2.3,0.35,2.3,4.1,0.555,0.544,1.8,2.3,0.768,1.1,1.9,3.0,1.8,0.8,0.3,0.9,2.4,8.8,2022
Isaac Okoro,SF,22,CLE,76,46,21.7,2.3,4.7,0.494,0.8,2.3,0.363,1.5,2.4,0.617,0.582,1.0,1.4,0.757,0.7,1.8,2.5,1.1,0.7,0.4,0.6,2.1,6.4,2023
Isaiah Livers,SF,23,DET,19,5,20.2,2.2,4.7,0.456,1.4,3.4,0.422,0.7,1.4,0.538,0.606,0.6,0.7,0.857,0.8,2.2,3.0,1.1,0.7,0.4,0.8,1.9,6.4,2022
Isaiah Livers,SF,24,DET,52,22,23.1,2.3,5.5,0.417,1.4,3.9,0.365,0.9,1.6,0.541,0.545,0.6,0.8,0.821,0.5,2.2,2.8,0.8,0.5,0.5,0.6,2.0,6.7,2023
Jabari Walker,SF,20,POR,56,0,11.1,1.5,3.5,0.419,0.3,1.0,0.286,1.2,2.5,0.472,0.46,0.6,0.8,0.756,0.9,1.5,2.3,0.6,0.2,0.2,0.5,1.2,3.9,2023
Jack White,SF,25,DEN,17,0,3.9,0.5,1.1,0.421,0.2,0.5,0.333,0.3,0.6,0.5,0.5,0.1,0.2,0.667,0.4,0.6,1.0,0.2,0.2,0.1,0.1,0.5,1.2,2023
Jae'Sean Tate,SF,25,HOU,70,58,29.2,4.5,8.9,0.506,0.9,2.8,0.308,3.7,6.1,0.595,0.554,1.5,2.1,0.694,1.9,3.5,5.3,2.5,1.2,0.5,1.4,3.2,11.3,2021
Jae'Sean Tate,SF,26,HOU,78,77,26.4,4.7,9.3,0.498,0.8,2.6,0.312,3.8,6.8,0.569,0.541,1.7,2.4,0.707,1.7,3.7,5.4,2.8,0.9,0.5,1.8,3.7,11.8,2022
Jae'Sean Tate,SF,27,HOU,31,7,21.8,3.5,7.4,0.48,0.4,1.5,0.283,3.1,5.9,0.53,0.509,1.6,2.2,0.725,1.3,2.5,3.8,2.7,0.7,0.2,1.5,3.4,9.1,2023
Jalen McDaniels,SF,22,CHO,16,0,18.3,2.1,4.4,0.471,0.6,1.5,0.375,1.5,2.9,0.522,0.536,0.9,1.1,0.824,0.9,3.1,4.1,0.8,0.5,0.2,0.7,2.3,5.6,2020
Jalen McDaniels,SF,23,CHO,47,18,19.2,2.8,6.0,0.468,0.7,2.2,0.333,2.1,3.8,0.547,0.53,1.0,1.4,0.703,1.0,2.6,3.6,1.1,0.6,0.4,1.0,2.0,7.4,2021
Jalen McDaniels,SF,24,CHO,55,2,16.3,2.2,4.6,0.484,0.7,2.0,0.38,1.5,2.7,0.562,0.565,1.0,1.3,0.736,0.7,2.4,3.1,1.1,0.5,0.4,0.7,1.7,6.2,2022
Jalen McDaniels,SF,25,TOT,80,24,23.9,3.5,7.7,0.455,1.0,2.9,0.332,2.6,4.8,0.53,0.518,1.5,1.7,0.841,0.8,3.5,4.3,1.6,1.0,0.4,1.2,2.6,9.4,2023
Javonte Green,SF,26,BOS,48,2,9.8,1.3,2.6,0.5,0.2,0.7,0.273,1.1,1.9,0.581,0.536,0.6,0.9,0.667,0.5,1.4,1.9,0.5,0.5,0.2,0.5,0.9,3.4,2020
Javonte Green,SF,27,TOT,41,2,11.5,1.3,2.5,0.52,0.2,0.7,0.333,1.0,1.8,0.597,0.569,0.7,1.0,0.75,0.6,1.1,1.7,0.4,0.7,0.1,0.5,1.1,3.6,2021
Javonte Green,SF,28,CHI,65,45,23.4,2.7,5.0,0.542,0.6,1.6,0.356,2.2,3.4,0.625,0.597,1.2,1.5,0.833,1.4,2.8,4.2,0.9,1.0,0.5,0.5,2.0,7.2,2022
Javonte Green,SF,29,CHI,32,1,15.0,1.9,3.4,0.565,0.4,1.1,0.371,1.5,2.3,0.658,0.625,0.9,1.4,0.667,0.8,1.9,2.8,0.7,0.8,0.7,0.6,1.6,5.2,2023
Jayson Tatum,SF,20,BOS,79,79,31.1,5.9,13.1,0.45,1.5,3.9,0.373,4.4,9.2,0.483,0.506,2.5,2.9,0.855,0.9,5.2,6.0,2.1,1.1,0.7,1.5,2.1,15.7,2019
Jayson Tatum,SF,21,BOS,66,66,34.3,8.4,18.6,0.45,2.9,7.1,0.403,5.5,11.5,0.48,0.527,3.8,4.7,0.812,1.0,6.0,7.0,3.0,1.4,0.9,2.3,2.1,23.4,2020
Jayson Tatum,SF,22,BOS,64,64,35.8,9.5,20.6,0.459,2.9,7.6,0.386,6.5,13.0,0.502,0.53,4.6,5.3,0.868,0.8,6.6,7.4,4.3,1.2,0.5,2.7,1.9,26.4,2021
Jayson Tatum,SF,23,BOS,76,76,35.9,9.3,20.6,0.453,3.0,8.6,0.353,6.3,12.0,0.524,0.526,5.3,6.2,0.853,1.1,6.9,8.0,4.4,1.0,0.6,2.9,2.3,26.9,2022
Jayson Tatum,SF,24,BOS,74,74,36.9,9.8,21.1,0.466,3.2,9.3,0.35,6.6,11.8,0.558,0.543,7.2,8.4,0.854,1.1,7.7,8.8,4.6,1.1,0.7,2.9,2.2,30.1,2023
Jimmy Butler,SF,29,TOT,65,65,33.6,6.4,13.9,0.462,1.0,3.0,0.347,5.4,10.9,0.494,0.499,4.8,5.6,0.855,1.9,3.4,5.3,4.0,1.9,0.6,1.5,1.7,18.7,2019
Jimmy Butler,SF,30,MIA,58,58,33.8,5.9,13.1,0.455,0.5,2.1,0.244,5.4,11.0,0.495,0.474,7.6,9.1,0.834,1.8,4.8,6.7,6.0,1.8,0.6,2.2,1.4,19.9,2020
Jimmy Butler,SF,31,MIA,52,52,33.6,7.0,14.2,0.497,0.5,2.0,0.245,6.6,12.2,0.538,0.514,6.9,8.0,0.863,1.8,5.1,6.9,7.1,2.1,0.3,2.1,1.4,21.5,2021
Jimmy Butler,SF,32,MIA,57,57,33.9,7.0,14.5,0.48,0.5,2.0,0.233,6.5,12.5,0.52,0.496,6.9,8.0,0.87,1.8,4.1,5.9,5.5,1.6,0.5,2.1,1.5,21.4,2022
Jimmy Butler,SF,33,MIA,64,64,33.4,7.5,13.9,0.539,0.6,1.6,0.35,6.9,12.3,0.564,0.56,7.4,8.7,0.85,2.2,3.7,5.9,5.3,1.8,0.3,1.6,1.3,22.9,2023
Joe Harris,SF,27,BRK,76,76,30.2,4.9,9.8,0.5,2.4,5.1,0.474,2.5,4.8,0.528,0.622,1.4,1.8,0.827,0.7,3.1,3.8,2.4,0.5,0.2,1.6,2.4,13.7,2019
Joe Harris,SF,28,BRK,69,69,30.8,5.5,11.4,0.486,2.5,5.9,0.424,3.0,5.5,0.553,0.596,0.9,1.3,0.719,0.9,3.4,4.3,2.1,0.6,0.2,1.5,2.3,14.5,2020
Joe Harris,SF,29,BRK,69,65,31.0,5.2,10.2,0.505,3.1,6.4,0.475,2.1,3.8,0.555,0.654,0.7,0.9,0.778,0.6,3.0,3.6,1.9,0.7,0.2,0.9,2.0,14.1,2021
Joe Harris,SF,30,BRK,14,14,30.2,4.0,8.9,0.452,2.9,6.3,0.466,1.1,2.6,0.417,0.617,0.4,0.4,0.833,0.4,3.6,4.0,1.0,0.5,0.1,1.1,2.2,11.3,2022
Joe Harris,SF,31,BRK,74,33,20.6,2.7,5.9,0.457,1.9,4.5,0.426,0.8,1.4,0.551,0.618,0.2,0.4,0.643,0.3,1.9,2.2,1.4,0.5,0.2,0.6,1.9,7.6,2023
Joe Ingles,SF,31,UTA,82,82,31.3,4.4,9.8,0.448,2.3,5.9,0.391,2.1,3.9,0.533,0.565,1.1,1.5,0.707,0.4,3.6,4.0,5.7,1.2,0.2,2.4,2.2,12.1,2019
Joe Ingles,SF,32,UTA,72,45,29.7,3.4,7.7,0.445,2.0,4.9,0.399,1.5,2.8,0.525,0.572,1.0,1.3,0.787,0.4,3.5,3.9,5.2,0.9,0.2,2.0,2.1,9.8,2020
Joe Ingles,SF,33,UTA,67,30,27.9,4.1,8.4,0.489,2.7,6.1,0.451,1.4,2.3,0.59,0.652,1.1,1.3,0.844,0.4,3.2,3.6,4.7,0.7,0.2,1.7,1.8,12.1,2021
Joe Ingles,SF,34,UTA,45,15,24.9,2.6,6.3,0.404,1.7,5.0,0.347,0.8,1.3,0.617,0.54,0.4,0.5,0.773,0.3,2.6,2.9,3.5,0.5,0.1,1.0,1.8,7.2,2022
Joe Ingles,SF,35,MIL,46,0,22.7,2.3,5.4,0.435,1.8,4.4,0.409,0.5,1.0,0.556,0.603,0.4,0.5,0.857,0.3,2.5,2.8,3.3,0.7,0.1,1.2,1.6,6.9,2023
Jonathan Kuminga,SF,19,GSW,70,12,16.9,3.4,6.6,0.513,0.7,2.1,0.336,2.7,4.4,0.598,0.567,1.9,2.7,0.684,0.8,2.6,3.3,0.9,0.4,0.3,1.1,2.1,9.3,2022
Jonathan Kuminga,SF,20,GSW,67,16,20.8,3.9,7.4,0.525,0.8,2.2,0.37,3.1,5.2,0.59,0.579,1.3,2.1,0.652,1.0,2.4,3.4,1.9,0.6,0.5,1.4,2.3,9.9,2023
Jordan Hall,SF,21,SAS,9,0,9.2,1.0,3.1,0.321,0.3,1.7,0.2,0.7,1.4,0.462,0.375,0.8,1.0,0.778,0.3,1.0,1.3,1.2,0.1,0.0,0.8,0.7,3.1,2023
Jordan Nwora,SF,22,MIL,30,2,9.1,2.1,4.5,0.459,0.9,2.1,0.452,1.1,2.4,0.466,0.563,0.6,0.8,0.76,0.3,1.7,2.0,0.2,0.5,0.2,0.8,0.7,5.7,2021
Jordan Nwora,SF,23,MIL,62,13,19.1,3.0,7.5,0.403,1.3,3.7,0.348,1.7,3.8,0.455,0.488,0.6,0.7,0.837,0.6,3.0,3.6,1.0,0.4,0.3,0.9,1.3,7.9,2022
Jordan Nwora,SF,24,TOT,62,14,19.2,3.1,7.2,0.436,1.4,3.4,0.408,1.7,3.8,0.462,0.533,1.1,1.4,0.791,0.8,2.9,3.7,1.4,0.4,0.2,1.1,1.2,8.7,2023
Josh Giddey,SF,19,OKC,54,54,31.5,5.2,12.4,0.419,1.0,3.9,0.263,4.2,8.5,0.492,0.461,1.0,1.5,0.709,1.8,6.0,7.8,6.4,0.9,0.4,3.2,1.6,12.5,2022
Josh Giddey,SF,20,OKC,76,76,31.1,7.1,14.7,0.482,1.0,3.1,0.325,6.1,11.6,0.524,0.516,1.4,1.9,0.731,1.9,5.9,7.9,6.2,0.8,0.4,2.8,1.9,16.6,2023
Josh Hart,SF,23,LAL,67,22,25.6,2.8,6.9,0.407,1.4,4.1,0.336,1.4,2.8,0.511,0.506,0.8,1.2,0.688,0.5,3.2,3.7,1.4,1.0,0.6,0.9,2.2,7.8,2019
Josh Hart,SF,24,NOP,65,16,27.0,3.5,8.2,0.423,1.9,5.4,0.342,1.6,2.7,0.584,0.537,1.3,1.8,0.739,0.9,5.6,6.5,1.7,1.0,0.4,1.2,2.5,10.1,2020
Josh Hart,SF,25,NOP,47,4,28.7,3.2,7.3,0.439,1.3,4.1,0.326,1.9,3.2,0.583,0.531,1.5,1.9,0.775,1.1,6.9,8.0,2.3,0.8,0.3,1.0,2.4,9.2,2021
Josh Hart,SF,26,TOT,54,53,33.2,5.3,10.5,0.504,1.4,3.9,0.343,4.0,6.6,0.601,0.569,3.0,3.9,0.758,1.1,6.0,7.2,4.1,1.1,0.2,2.1,2.8,14.9,2022
Josh Hart,SF,27,TOT,76,52,32.3,3.6,6.8,0.529,0.8,2.2,0.372,2.8,4.7,0.601,0.588,1.7,2.3,0.75,1.9,5.9,7.8,3.8,1.2,0.3,1.5,2.6,9.8,2023
Josh Minott,SF,20,MIN,15,0,6.4,1.2,2.4,0.5,0.1,0.4,0.333,1.1,2.0,0.533,0.528,0.5,0.5,1.0,0.3,1.3,1.7,0.3,0.3,0.4,0.2,0.7,3.1,2023
Joshua Primo,SF,19,SAS,50,16,19.3,2.0,5.4,0.374,0.8,2.7,0.307,1.2,2.7,0.444,0.452,0.9,1.2,0.746,0.6,1.6,2.3,1.6,0.4,0.5,1.1,1.6,5.8,2022
Joshua Primo,SF,20,SAS,4,0,23.3,2.3,6.5,0.346,0.8,3.0,0.25,1.5,3.5,0.429,0.404,1.8,2.3,0.778,0.5,2.8,3.3,4.5,0.3,0.5,2.8,2.0,7.0,2023
Juan Toscano-Anderson,SF,28,GSW,73,6,13.6,1.6,3.2,0.489,0.4,1.2,0.322,1.2,2.0,0.588,0.549,0.5,1.0,0.571,0.4,2.0,2.4,1.7,0.7,0.2,0.9,1.6,4.1,2019
Juan Toscano-Anderson,SF,26,GSW,13,6,20.9,2.2,4.8,0.46,0.6,1.8,0.348,1.6,3.1,0.525,0.524,0.2,0.4,0.6,0.7,3.3,4.0,2.0,1.0,0.4,1.2,2.3,5.3,2020
Juan Toscano-Anderson,SF,27,GSW,53,16,20.9,2.3,3.9,0.579,0.7,1.7,0.402,1.6,2.2,0.718,0.667,0.4,0.6,0.71,0.5,3.9,4.4,2.8,0.8,0.5,1.2,2.1,5.7,2021
Juan Toscano-Anderson,SF,28,GSW,73,6,13.6,1.6,3.2,0.489,0.4,1.2,0.322,1.2,2.0,0.588,0.549,0.5,1.0,0.571,0.4,2.0,2.4,1.7,0.7,0.2,0.9,1.6,4.1,2022
Juan Toscano-Anderson,SF,29,TOT,52,9,13.5,1.2,2.8,0.448,0.2,0.8,0.186,1.1,1.9,0.56,0.476,0.4,0.5,0.792,0.5,1.8,2.4,1.3,0.3,0.2,0.7,1.5,3.0,2023
Julian Champagnie,SF,21,TOT,17,3,18.8,3.5,7.6,0.454,1.9,4.8,0.402,1.5,2.8,0.542,0.581,0.8,1.0,0.824,0.6,2.9,3.5,0.6,0.4,0.3,0.6,1.5,9.7,2023
Justin Champagnie,SF,20,TOR,36,0,7.8,0.9,1.9,0.463,0.3,0.8,0.357,0.6,1.1,0.538,0.537,0.3,0.3,1.0,1.0,1.0,2.0,0.3,0.2,0.1,0.2,0.9,2.3,2022
Justin Champagnie,SF,21,TOT,5,0,6.8,1.0,3.0,0.333,0.2,1.0,0.2,0.8,2.0,0.4,0.367,0.0,0.0,0.0,0.6,1.0,1.6,0.8,0.2,0.0,0.0,0.4,2.2,2023
Justin Holiday,SF,29,TOT,82,77,31.8,3.7,9.5,0.386,2.0,5.7,0.348,1.7,3.8,0.442,0.49,1.2,1.3,0.896,0.6,3.4,3.9,1.8,1.5,0.4,1.3,2.0,10.5,2019
Justin Holiday,SF,30,IND,73,6,25.0,2.8,6.7,0.428,1.8,4.5,0.405,1.0,2.1,0.477,0.566,0.7,0.9,0.791,0.4,2.8,3.3,1.3,1.2,0.6,0.6,1.9,8.3,2020
Justin Holiday,SF,31,IND,72,52,30.3,3.6,8.7,0.413,2.4,6.3,0.382,1.2,2.4,0.494,0.551,0.9,1.2,0.788,0.4,3.1,3.6,1.7,1.0,0.6,0.8,1.9,10.5,2021
Justin Holiday,SF,32,TOT,74,65,27.8,3.5,8.9,0.394,2.4,6.5,0.367,1.1,2.4,0.467,0.528,0.7,0.8,0.806,0.4,2.2,2.6,1.7,0.8,0.4,0.9,2.1,10.1,2022
Justin Holiday,SF,33,TOT,46,2,15.3,1.7,4.4,0.377,1.0,3.1,0.322,0.7,1.3,0.508,0.49,0.1,0.2,0.625,0.1,1.1,1.2,0.9,0.4,0.4,0.5,1.5,4.5,2023
Justin Jackson,SF,23,TOT,81,14,19.9,2.7,6.0,0.447,1.1,3.0,0.355,1.6,3.0,0.542,0.537,0.8,1.0,0.785,0.5,2.1,2.6,1.2,0.4,0.2,0.4,1.2,7.2,2019
Justin Jackson,SF,24,DAL,65,3,16.1,2.1,5.2,0.396,0.7,2.5,0.294,1.3,2.7,0.489,0.466,0.6,0.8,0.84,0.4,2.0,2.4,0.8,0.2,0.2,0.2,1.1,5.5,2020
Justin Jackson,SF,25,TOT,34,3,17.0,2.6,6.5,0.403,1.1,3.4,0.308,1.6,3.1,0.51,0.484,0.9,1.1,0.838,0.5,1.8,2.3,1.5,0.4,0.1,0.9,0.9,7.2,2021
Justin Jackson,SF,26,TOT,7,0,5.1,0.7,2.1,0.333,0.4,1.3,0.333,0.3,0.9,0.333,0.433,0.3,0.3,1.0,0.1,0.9,1.0,0.3,0.0,0.0,0.1,0.4,2.1,2022
Justin Jackson,SF,27,BOS,23,0,4.7,0.3,1.2,0.259,0.2,0.9,0.25,0.1,0.3,0.286,0.352,0.0,0.1,0.5,0.1,0.7,0.7,0.4,0.2,0.2,0.1,0.3,0.9,2023
Justin Minaya,SF,23,POR,4,0,22.3,1.8,5.8,0.304,0.8,3.0,0.25,1.0,2.8,0.364,0.37,0.0,0.3,0.0,0.8,3.0,3.8,1.0,0.5,1.3,1.0,2.3,4.3,2023
Justise Winslow,SF,22,MIA,66,52,29.7,4.9,11.3,0.433,1.5,3.9,0.375,3.5,7.5,0.462,0.497,1.3,2.1,0.628,1.0,4.4,5.4,4.3,1.1,0.3,2.2,2.7,12.6,2019
Justise Winslow,SF,23,MIA,11,5,32.0,4.5,11.7,0.388,0.5,2.5,0.222,4.0,9.3,0.431,0.411,1.6,2.5,0.667,1.5,5.2,6.6,4.0,0.6,0.5,2.2,3.5,11.3,2020
Justise Winslow,SF,24,MEM,26,1,19.5,2.8,8.1,0.352,0.4,2.1,0.185,2.5,6.0,0.41,0.376,0.8,1.3,0.571,0.7,3.8,4.5,1.9,0.6,0.5,1.4,1.8,6.8,2021
Justise Winslow,SF,25,TOT,48,11,16.1,2.3,5.4,0.428,0.3,1.4,0.227,2.0,4.0,0.497,0.457,0.8,1.4,0.591,1.0,3.2,4.2,1.8,0.7,0.5,1.0,1.4,5.7,2022
Justise Winslow,SF,26,POR,29,11,26.8,2.8,6.8,0.409,0.5,1.6,0.311,2.3,5.3,0.438,0.444,0.7,1.0,0.714,1.7,3.3,5.0,3.4,1.0,0.4,1.5,3.1,6.8,2023
Kawhi Leonard,SF,27,TOR,60,60,34.0,9.3,18.8,0.496,1.9,5.0,0.371,7.5,13.8,0.542,0.546,6.1,7.1,0.854,1.3,6.0,7.3,3.3,1.8,0.4,2.0,1.5,26.6,2019
Kawhi Leonard,SF,28,LAC,57,57,32.4,9.3,19.9,0.47,2.2,5.7,0.378,7.2,14.2,0.506,0.524,6.2,7.1,0.886,0.9,6.1,7.1,4.9,1.8,0.6,2.6,2.0,27.1,2020
Kawhi Leonard,SF,29,LAC,52,52,34.1,8.9,17.5,0.512,1.9,4.9,0.398,7.0,12.6,0.557,0.568,5.0,5.7,0.885,1.1,5.4,6.5,5.2,1.6,0.4,2.0,1.6,24.8,2021
Kawhi Leonard,SF,31,LAC,52,50,33.6,8.6,16.8,0.512,2.0,4.8,0.416,6.6,11.9,0.551,0.572,4.7,5.4,0.871,1.1,5.4,6.5,3.9,1.4,0.5,1.7,1.6,23.8,2023
Keegan Murray,SF,22,SAC,80,78,29.8,4.4,9.8,0.453,2.6,6.3,0.411,1.9,3.5,0.527,0.584,0.8,1.0,0.765,1.1,3.5,4.6,1.2,0.8,0.5,0.8,2.0,12.2,2023
Keita Bates-Diop,SF,23,MIN,30,3,16.8,2.0,4.7,0.423,0.4,1.7,0.25,1.6,3.0,0.522,0.468,0.6,0.9,0.643,0.5,2.2,2.8,0.6,0.6,0.5,0.5,1.0,5.0,2019
Keita Bates-Diop,SF,24,TOT,44,0,16.9,2.3,5.3,0.427,0.8,2.3,0.33,1.5,3.0,0.504,0.5,1.2,1.7,0.72,0.6,2.3,2.9,0.7,0.4,0.5,0.4,1.0,6.5,2020
Keita Bates-Diop,SF,25,SAS,30,0,8.2,1.0,2.2,0.448,0.2,0.6,0.294,0.8,1.7,0.5,0.485,0.5,0.7,0.667,0.3,1.3,1.6,0.4,0.4,0.2,0.2,0.4,2.6,2021
Keita Bates-Diop,SF,26,SAS,59,14,16.2,2.3,4.5,0.517,0.3,0.9,0.309,2.0,3.5,0.572,0.549,0.8,1.0,0.754,1.1,2.9,3.9,0.7,0.5,0.2,0.8,1.0,5.7,2022
Keita Bates-Diop,SF,27,SAS,67,42,21.7,3.5,6.9,0.508,0.8,2.1,0.394,2.7,4.8,0.557,0.568,1.8,2.2,0.793,1.0,2.7,3.7,1.5,0.7,0.3,0.8,0.9,9.7,2023
Keldon Johnson,SF,20,SAS,17,1,17.7,3.1,5.2,0.596,0.8,1.3,0.591,2.4,3.9,0.597,0.669,2.1,2.6,0.795,0.6,2.8,3.4,0.9,0.8,0.1,0.8,1.6,9.1,2020
Keldon Johnson,SF,21,SAS,69,67,28.5,4.9,10.2,0.479,0.9,2.6,0.331,4.0,7.6,0.531,0.522,2.1,2.8,0.74,1.3,4.6,6.0,1.8,0.6,0.3,1.1,2.1,12.8,2021
Keldon Johnson,SF,22,SAS,75,74,31.9,6.3,13.5,0.466,2.1,5.3,0.398,4.2,8.2,0.51,0.545,2.4,3.1,0.756,1.1,5.0,6.1,2.1,0.8,0.2,1.2,2.0,17.0,2022
Keldon Johnson,SF,23,SAS,63,63,32.7,8.0,17.7,0.452,2.1,6.5,0.329,5.9,11.2,0.523,0.512,3.9,5.2,0.749,0.9,4.2,5.0,2.9,0.7,0.2,2.1,2.0,22.0,2023
Kelly Oubre Jr.,SF,23,TOT,69,19,28.0,5.4,12.2,0.445,1.6,4.9,0.32,3.9,7.3,0.53,0.51,2.7,3.5,0.775,1.0,3.7,4.7,1.2,1.2,0.9,1.5,2.6,15.2,2019
Kelly Oubre Jr.,SF,24,PHO,56,55,34.5,6.7,14.8,0.452,1.9,5.5,0.352,4.7,9.3,0.511,0.517,3.4,4.4,0.78,1.2,5.3,6.4,1.5,1.3,0.7,1.5,3.4,18.7,2020
Kelly Oubre Jr.,SF,25,GSW,55,50,30.7,5.8,13.2,0.439,1.6,5.2,0.316,4.1,8.0,0.519,0.501,2.2,3.2,0.695,1.5,4.5,6.0,1.3,1.0,0.8,1.3,2.2,15.4,2021
Kelly Oubre Jr.,SF,26,CHO,76,13,26.3,5.4,12.3,0.44,2.5,7.3,0.345,2.9,5.0,0.578,0.542,1.7,2.5,0.667,1.0,2.9,4.0,1.1,1.0,0.4,0.9,2.5,15.0,2022
Kelly Oubre Jr.,SF,27,CHO,48,40,32.3,7.4,17.1,0.431,2.3,7.1,0.319,5.1,10.0,0.51,0.497,3.3,4.3,0.76,1.4,3.8,5.2,1.1,1.4,0.4,1.3,2.9,20.3,2023
Kenyon Martin Jr.,SF,20,HOU,45,8,23.7,3.6,7.1,0.509,0.8,2.1,0.365,2.8,4.9,0.572,0.564,1.3,1.9,0.714,1.6,3.8,5.4,1.1,0.7,0.9,0.8,2.0,9.3,2021
Kenyon Martin Jr.,SF,21,HOU,79,2,21.0,3.5,6.6,0.533,0.8,2.1,0.357,2.8,4.5,0.617,0.591,1.0,1.6,0.634,1.0,2.7,3.8,1.3,0.4,0.5,0.8,1.4,8.8,2022
Kenyon Martin Jr.,SF,22,HOU,82,49,28.0,5.0,8.8,0.569,0.8,2.6,0.315,4.2,6.1,0.679,0.617,1.8,2.7,0.68,1.5,4.0,5.5,1.5,0.5,0.4,1.1,1.8,12.7,2023
Kessler Edwards,SF,21,BRK,48,23,20.6,2.3,5.6,0.412,1.0,2.8,0.353,1.3,2.7,0.473,0.502,0.3,0.4,0.842,0.9,2.7,3.6,0.6,0.6,0.5,0.9,1.8,5.9,2022
Kessler Edwards,SF,22,TOT,36,4,10.7,1.0,2.6,0.387,0.5,1.5,0.309,0.5,1.1,0.5,0.478,0.3,0.4,0.733,0.6,1.1,1.7,0.6,0.4,0.2,0.4,1.1,2.8,2023
Kevin Knox,SF,19,NYK,75,57,28.8,4.5,12.2,0.37,1.7,4.9,0.343,2.8,7.3,0.387,0.438,2.2,3.0,0.717,0.8,3.7,4.5,1.1,0.6,0.3,1.5,2.3,12.8,2019
Kevin Knox,SF,20,NYK,65,4,17.9,2.2,6.2,0.359,1.0,3.1,0.327,1.2,3.1,0.391,0.44,1.0,1.6,0.653,0.4,2.4,2.8,0.9,0.4,0.4,0.7,1.6,6.4,2020
Kevin Knox,SF,21,NYK,42,0,11.0,1.3,3.4,0.392,0.8,2.1,0.393,0.5,1.3,0.389,0.514,0.4,0.5,0.8,0.2,1.2,1.5,0.5,0.3,0.1,0.4,0.9,3.9,2021
Kevin Knox,SF,22,TOT,30,0,7.4,1.0,2.8,0.365,0.5,1.8,0.278,0.5,1.0,0.516,0.453,0.5,0.7,0.727,0.5,1.0,1.5,0.3,0.1,0.1,0.2,0.6,3.1,2022
Kevin Knox,SF,23,TOT,63,5,15.1,2.4,5.3,0.458,1.0,3.0,0.349,1.4,2.3,0.596,0.556,0.7,1.0,0.767,0.5,2.3,2.8,0.5,0.4,0.2,0.8,1.5,6.6,2023
Khris Middleton,SF,27,MIL,77,77,31.1,6.6,14.9,0.441,2.3,6.2,0.378,4.2,8.8,0.485,0.519,2.8,3.4,0.837,0.6,5.3,6.0,4.3,1.0,0.1,2.3,2.2,18.3,2019
Khris Middleton,SF,28,MIL,62,59,29.9,7.6,15.3,0.497,2.4,5.7,0.415,5.2,9.6,0.546,0.575,3.4,3.7,0.916,0.7,5.5,6.2,4.3,0.9,0.1,2.2,2.3,20.9,2020
Khris Middleton,SF,29,MIL,68,68,33.4,7.5,15.8,0.476,2.2,5.4,0.414,5.3,10.4,0.508,0.546,3.1,3.5,0.898,0.8,5.2,6.0,5.4,1.1,0.1,2.6,2.4,20.4,2021
Khris Middleton,SF,30,MIL,66,66,32.4,6.8,15.5,0.443,2.5,6.6,0.373,4.4,8.9,0.494,0.522,3.9,4.4,0.89,0.6,4.8,5.4,5.4,1.2,0.3,2.9,2.4,20.1,2022
Khris Middleton,SF,31,MIL,33,19,24.3,5.4,12.3,0.436,1.5,4.9,0.315,3.8,7.4,0.516,0.499,2.8,3.1,0.902,0.8,3.4,4.2,4.9,0.7,0.2,2.2,2.1,15.1,2023
Leandro Bolmaro,SF,21,MIN,35,2,6.9,0.5,1.5,0.315,0.1,0.5,0.278,0.3,1.0,0.333,0.361,0.3,0.4,0.846,0.5,0.8,1.2,0.6,0.2,0.0,0.4,0.7,1.4,2022
Leandro Bolmaro,SF,22,UTA,14,0,4.9,0.2,1.4,0.15,0.0,0.3,0.0,0.2,1.1,0.188,0.15,0.0,0.0,0.0,0.3,0.2,0.5,0.5,0.2,0.1,0.5,0.7,0.4,2023
Louis King,SF,20,DET,10,0,6.2,0.8,2.1,0.381,0.4,1.1,0.364,0.4,1.0,0.4,0.476,0.0,0.3,0.0,0.1,0.9,1.0,0.5,0.2,0.0,0.2,1.0,2.0,2020
Louis King,SF,21,SAC,6,1,14.2,2.8,5.7,0.5,0.7,1.8,0.364,2.2,3.8,0.565,0.559,1.0,1.0,1.0,0.8,2.2,3.0,1.5,1.2,0.5,0.7,1.5,7.3,2021
Louis King,SF,22,SAC,10,0,10.4,1.5,4.7,0.319,0.8,2.7,0.296,0.7,2.0,0.35,0.404,0.7,1.0,0.7,0.0,1.2,1.2,0.9,0.2,0.1,0.0,1.4,4.5,2022
Louis King,SF,23,PHI,1,0,29.0,8.0,13.0,0.615,4.0,8.0,0.5,4.0,5.0,0.8,0.769,0.0,1.0,0.0,2.0,2.0,4.0,2.0,1.0,0.0,2.0,4.0,20.0,2023
Luguentz Dort,SF,20,OKC,36,28,22.8,2.4,6.1,0.394,0.8,2.8,0.297,1.6,3.3,0.479,0.463,1.2,1.5,0.792,0.7,1.6,2.3,0.8,0.9,0.1,0.6,2.7,6.8,2020
Luguentz Dort,SF,21,OKC,52,52,29.7,4.8,12.3,0.387,2.2,6.3,0.343,2.6,6.0,0.432,0.475,2.3,3.2,0.744,0.7,2.9,3.6,1.7,0.9,0.4,1.5,2.6,14.0,2021
Luguentz Dort,SF,22,OKC,51,51,32.6,5.7,14.2,0.404,2.5,7.7,0.332,3.2,6.6,0.487,0.493,3.2,3.7,0.843,0.7,3.4,4.2,1.7,0.9,0.4,1.7,2.9,17.2,2022
Luguentz Dort,SF,23,OKC,74,73,30.7,4.6,11.8,0.388,1.8,5.5,0.33,2.8,6.3,0.44,0.466,2.7,3.5,0.772,1.7,2.9,4.6,2.1,1.0,0.3,1.2,3.3,13.7,2023
Malcolm Hill,SF,26,TOT,19,0,11.2,1.3,2.7,0.462,0.7,1.9,0.361,0.6,0.8,0.688,0.587,0.6,0.7,0.786,0.6,1.3,1.8,0.4,0.4,0.2,0.2,1.3,3.8,2022
Malcolm Hill,SF,27,CHI,5,0,1.8,0.4,0.8,0.5,0.2,0.6,0.333,0.2,0.2,1.0,0.625,0.0,0.0,0.0,0.0,0.6,0.6,0.0,0.0,0.0,0.0,0.2,1.0,2023
MarJon Beauchamp,SF,22,MIL,52,11,13.5,1.8,4.7,0.395,0.9,2.7,0.331,0.9,1.9,0.485,0.492,0.5,0.7,0.73,0.7,1.5,2.2,0.7,0.4,0.1,0.9,1.4,5.1,2023
Matt Ryan,SF,24,BOS,1,0,5.0,1.0,5.0,0.2,1.0,5.0,0.2,0.0,0.0,0.0,0.3,0.0,0.0,0.0,0.0,0.0,0.0,0.0,1.0,0.0,0.0,0.0,3.0,2022
Matt Ryan,SF,25,TOT,34,0,9.1,1.2,3.2,0.37,0.9,2.5,0.381,0.2,0.7,0.333,0.519,0.3,0.4,0.833,0.1,0.6,0.8,0.5,0.1,0.0,0.2,0.8,3.6,2023
Max Strus,SF,23,CHI,2,0,3.0,1.0,1.5,0.667,0.0,0.5,0.0,1.0,1.0,1.0,0.667,0.5,0.5,1.0,0.5,0.0,0.5,0.0,0.0,0.0,0.0,0.5,2.5,2020
Max Strus,SF,24,MIA,39,0,13.0,2.2,4.8,0.455,1.3,3.8,0.338,0.9,1.0,0.897,0.588,0.4,0.6,0.667,0.1,0.9,1.1,0.6,0.3,0.1,0.2,1.1,6.1,2021
Max Strus,SF,25,MIA,68,16,23.3,3.7,8.3,0.441,2.7,6.5,0.41,1.0,1.8,0.557,0.602,0.6,0.8,0.792,0.4,2.6,3.0,1.4,0.4,0.2,0.8,1.7,10.6,2022
Max Strus,SF,26,MIA,80,33,28.4,4.1,9.9,0.41,2.5,7.0,0.35,1.6,2.8,0.559,0.535,1.0,1.1,0.876,0.6,2.6,3.2,2.1,0.5,0.2,0.9,2.1,11.5,2023
Michael Porter Jr.,SF,21,DEN,55,8,16.4,3.5,7.0,0.509,1.1,2.7,0.422,2.4,4.3,0.564,0.59,1.1,1.3,0.833,1.2,3.5,4.7,0.8,0.5,0.5,0.9,1.8,9.3,2020
Michael Porter Jr.,SF,22,DEN,61,54,31.3,7.3,13.4,0.542,2.8,6.3,0.445,4.5,7.1,0.628,0.646,1.7,2.2,0.791,1.5,5.8,7.3,1.1,0.7,0.9,1.3,2.1,19.0,2021
Michael Porter Jr.,SF,23,DEN,9,9,29.4,4.1,11.4,0.359,1.1,5.3,0.208,3.0,6.1,0.491,0.408,0.6,1.0,0.556,1.0,5.6,6.6,1.9,1.1,0.2,1.3,1.8,9.9,2022
Michael Porter Jr.,SF,24,DEN,62,62,29.0,6.4,13.2,0.487,3.0,7.3,0.414,3.4,5.9,0.579,0.602,1.5,1.9,0.8,1.0,4.5,5.5,1.0,0.6,0.5,1.1,1.9,17.4,2023
Mikal Bridges,SF,22,PHO,82,56,29.5,3.0,6.9,0.43,1.3,3.8,0.335,1.7,3.0,0.548,0.523,1.2,1.4,0.805,0.7,2.5,3.2,2.1,1.6,0.5,0.9,2.5,8.3,2019
Mikal Bridges,SF,23,PHO,73,32,28.0,3.4,6.6,0.51,1.0,2.7,0.361,2.4,4.0,0.61,0.583,1.4,1.7,0.844,0.9,3.1,4.0,1.8,1.4,0.6,1.0,2.2,9.1,2020
Mikal Bridges,SF,24,PHO,72,72,32.6,5.0,9.3,0.543,1.9,4.4,0.425,3.2,4.9,0.647,0.643,1.5,1.8,0.84,1.1,3.2,4.3,2.1,1.1,0.9,0.8,1.6,13.5,2021
Mikal Bridges,SF,25,PHO,82,82,34.8,5.6,10.5,0.534,1.4,3.8,0.369,4.2,6.7,0.628,0.601,1.6,1.9,0.834,0.9,3.3,4.2,2.3,1.2,0.4,0.8,1.8,14.2,2022
Mikal Bridges,SF,26,TOT,83,83,35.7,7.1,15.3,0.468,2.0,5.3,0.382,5.1,9.9,0.514,0.535,3.8,4.3,0.895,1.0,3.4,4.4,3.3,1.1,0.7,1.5,1.9,20.1,2023
Naji Marshall,SF,23,NOP,32,10,21.9,2.6,6.5,0.392,0.9,2.6,0.349,1.7,3.9,0.421,0.462,1.7,2.3,0.707,0.5,4.2,4.6,2.8,0.8,0.3,1.2,1.8,7.7,2021
Naji Marshall,SF,24,NOP,55,4,13.4,2.0,4.9,0.405,0.4,1.9,0.2,1.6,3.0,0.537,0.444,1.3,1.7,0.796,0.7,1.9,2.6,1.1,0.6,0.1,0.8,1.3,5.7,2022
Naji Marshall,SF,25,NOP,77,21,23.3,3.2,7.4,0.433,0.9,2.8,0.303,2.4,4.6,0.513,0.49,1.8,2.3,0.789,0.6,3.0,3.6,2.5,0.7,0.2,1.3,1.5,9.1,2023
Nicolas Batum,SF,30,CHO,75,72,31.4,3.4,7.5,0.45,1.5,4.0,0.389,1.8,3.5,0.519,0.553,1.0,1.2,0.865,0.9,4.3,5.2,3.3,0.9,0.6,1.6,1.9,9.3,2019
Nicolas Batum,SF,31,CHO,22,3,23.0,1.3,3.7,0.346,0.6,2.2,0.286,0.6,1.5,0.438,0.432,0.4,0.5,0.9,1.1,3.4,4.5,3.0,0.8,0.4,1.0,1.9,3.6,2020
Nicolas Batum,SF,32,LAC,67,38,27.4,2.9,6.1,0.464,1.6,4.1,0.404,1.2,2.1,0.579,0.597,0.7,0.9,0.828,0.7,4.0,4.7,2.2,1.0,0.6,0.8,1.5,8.1,2021
Nicolas Batum,SF,33,LAC,59,54,24.8,3.0,6.6,0.463,1.8,4.6,0.4,1.2,2.0,0.607,0.602,0.4,0.6,0.658,0.5,3.8,4.3,1.7,1.0,0.7,0.7,1.4,8.3,2022
Nicolas Batum,SF,34,LAC,78,19,21.9,2.1,4.9,0.42,1.6,4.1,0.391,0.5,0.8,0.563,0.583,0.4,0.6,0.708,0.8,3.0,3.8,1.6,0.7,0.6,0.6,1.9,6.1,2023
OG Anunoby,SF,21,TOR,67,6,20.2,2.7,6.0,0.453,1.0,3.0,0.332,1.7,3.0,0.574,0.536,0.5,0.9,0.581,0.9,2.1,2.9,0.7,0.7,0.3,0.8,2.1,7.0,2019
OG Anunoby,SF,22,TOR,69,68,29.9,4.1,8.2,0.505,1.3,3.3,0.39,2.9,4.9,0.583,0.584,1.0,1.5,0.706,1.2,4.1,5.3,1.6,1.4,0.7,1.1,2.4,10.6,2020
OG Anunoby,SF,23,TOR,43,43,33.3,5.8,12.1,0.48,2.4,6.1,0.398,3.4,6.0,0.562,0.58,1.9,2.4,0.784,1.3,4.3,5.5,2.2,1.5,0.7,1.7,2.7,15.9,2021
OG Anunoby,SF,24,TOR,48,48,36.0,6.4,14.5,0.443,2.4,6.6,0.363,4.0,7.9,0.511,0.526,1.9,2.5,0.754,1.5,4.0,5.5,2.6,1.5,0.5,1.7,2.7,17.1,2022
OG Anunoby,SF,25,TOR,67,67,35.6,6.3,13.2,0.476,2.1,5.5,0.387,4.2,7.7,0.539,0.556,2.1,2.5,0.838,1.4,3.5,5.0,2.0,1.9,0.7,2.0,3.0,16.8,2023
Oshae Brissett,SF,21,TOR,19,0,7.1,0.7,1.9,0.361,0.2,0.8,0.2,0.5,1.1,0.476,0.403,0.4,0.5,0.8,0.5,0.9,1.4,0.4,0.2,0.1,0.4,0.9,1.9,2020
Oshae Brissett,SF,22,IND,21,16,24.7,3.5,7.2,0.483,1.6,3.7,0.423,1.9,3.5,0.548,0.593,2.4,3.1,0.769,1.4,4.1,5.5,0.9,0.9,1.0,0.5,1.5,10.9,2021
Oshae Brissett,SF,23,IND,67,25,23.3,3.1,7.6,0.411,1.2,3.5,0.35,1.9,4.0,0.465,0.493,1.7,2.4,0.695,1.6,3.7,5.3,1.1,0.7,0.4,0.8,1.7,9.1,2022
Oshae Brissett,SF,24,IND,65,2,16.7,1.9,4.9,0.386,0.7,2.4,0.31,1.2,2.5,0.457,0.461,1.6,2.2,0.717,1.0,2.4,3.4,0.7,0.5,0.2,0.5,1.2,6.1,2023
Otto Porter Jr.,SF,25,TOT,56,43,30.1,5.3,11.5,0.465,1.9,4.6,0.406,3.5,6.9,0.504,0.546,1.4,1.7,0.813,1.0,4.6,5.6,2.1,1.5,0.6,1.2,1.9,13.9,2019
Otto Porter Jr.,SF,26,CHI,14,9,23.6,4.4,10.0,0.443,1.7,4.4,0.387,2.7,5.6,0.487,0.529,1.4,1.9,0.704,0.9,2.5,3.4,1.8,1.1,0.4,0.8,2.2,11.9,2020
Otto Porter Jr.,SF,27,TOT,28,6,21.6,3.5,8.1,0.432,1.4,3.7,0.375,2.1,4.4,0.48,0.518,1.3,1.5,0.857,1.0,4.4,5.4,2.0,0.6,0.1,0.9,1.5,9.7,2021
Otto Porter Jr.,SF,28,GSW,63,15,22.2,3.1,6.6,0.464,1.3,3.4,0.37,1.8,3.2,0.565,0.56,0.8,1.0,0.803,1.4,4.4,5.7,1.5,1.1,0.5,0.6,1.3,8.2,2022
Otto Porter Jr.,SF,29,TOR,8,2,18.3,1.9,3.8,0.5,0.8,2.1,0.353,1.1,1.6,0.692,0.6,1.0,1.0,1.0,0.8,1.6,2.4,1.0,1.4,0.0,0.5,0.9,5.5,2023
Patrick Baldwin Jr.,SF,20,GSW,31,0,7.3,1.4,3.5,0.394,1.0,2.7,0.381,0.4,0.8,0.44,0.541,0.1,0.2,0.667,0.0,1.3,1.3,0.4,0.2,0.1,0.4,0.5,3.9,2023
Paul George,SF,28,OKC,77,77,36.9,9.2,21.0,0.438,3.8,9.8,0.386,5.4,11.1,0.484,0.529,5.9,7.0,0.839,1.4,6.8,8.2,4.1,2.2,0.4,2.7,2.8,28.0,2019
Paul George,SF,29,LAC,48,48,29.6,7.1,16.3,0.439,3.3,7.9,0.412,3.9,8.4,0.464,0.539,4.0,4.5,0.876,0.5,5.2,5.7,3.9,1.4,0.4,2.6,2.4,21.5,2020
Paul George,SF,30,LAC,54,54,33.7,8.2,17.6,0.467,3.2,7.7,0.411,5.1,9.9,0.51,0.557,3.7,4.2,0.868,0.8,5.8,6.6,5.2,1.1,0.4,3.3,2.4,23.3,2021
Paul George,SF,31,LAC,31,31,34.7,8.6,20.5,0.421,2.9,8.3,0.354,5.7,12.2,0.467,0.493,4.1,4.8,0.858,0.4,6.5,6.9,5.7,2.2,0.4,4.1,2.4,24.3,2022
Paul George,SF,32,LAC,56,56,34.6,8.2,17.9,0.457,2.8,7.6,0.371,5.4,10.3,0.521,0.536,4.6,5.3,0.871,0.8,5.3,6.1,5.1,1.5,0.4,3.1,2.8,23.8,2023
Reggie Bullock,SF,27,TOT,63,60,29.8,3.9,9.4,0.412,2.3,6.2,0.377,1.5,3.2,0.483,0.537,1.2,1.3,0.859,0.3,2.4,2.7,2.0,0.6,0.2,1.0,1.7,11.3,2019
Reggie Bullock,SF,28,NYK,29,19,23.6,3.1,7.7,0.402,1.3,3.8,0.333,1.8,3.9,0.469,0.484,0.6,0.7,0.81,0.4,1.9,2.3,1.4,0.9,0.1,0.7,1.9,8.1,2020
Reggie Bullock,SF,29,NYK,65,64,30.0,3.8,8.6,0.442,2.5,6.1,0.41,1.3,2.5,0.521,0.587,0.8,0.8,0.909,0.2,3.2,3.4,1.5,0.8,0.2,0.7,2.2,10.9,2021
Reggie Bullock,SF,30,DAL,68,37,28.0,3.0,7.4,0.401,2.1,5.8,0.36,0.9,1.6,0.55,0.542,0.6,0.7,0.833,0.5,3.1,3.5,1.2,0.6,0.2,0.6,1.6,8.6,2022
Reggie Bullock,SF,31,DAL,78,55,30.3,2.5,6.0,0.409,1.9,5.1,0.38,0.5,0.9,0.562,0.569,0.3,0.5,0.703,0.4,3.2,3.6,1.4,0.7,0.2,0.5,2.1,7.2,2023
Royce O'Neale,SF,25,UTA,82,16,20.4,2.0,4.2,0.475,0.8,2.1,0.386,1.2,2.0,0.569,0.574,0.4,0.5,0.762,0.3,3.2,3.5,1.5,0.7,0.3,0.9,2.1,5.2,2019
Royce O'Neale,SF,26,UTA,71,62,28.9,2.2,5.1,0.433,1.3,3.4,0.377,0.9,1.7,0.545,0.559,0.6,0.8,0.764,0.4,5.1,5.5,2.5,0.8,0.5,0.9,2.8,6.3,2020
Royce O'Neale,SF,27,UTA,71,71,31.6,2.5,5.5,0.444,1.5,3.9,0.385,1.0,1.6,0.586,0.58,0.5,0.6,0.848,1.2,5.6,6.8,2.5,0.8,0.5,1.2,2.6,7.0,2021
Royce O'Neale,SF,28,UTA,77,77,31.2,2.6,5.8,0.457,1.5,4.0,0.389,1.1,1.8,0.609,0.591,0.6,0.7,0.804,0.8,3.9,4.8,2.5,1.1,0.4,1.0,2.4,7.4,2022
Royce O'Neale,SF,29,BRK,76,53,31.7,3.0,7.8,0.386,2.1,5.5,0.389,0.9,2.3,0.379,0.524,0.7,0.9,0.725,0.7,4.3,5.1,3.7,0.9,0.6,1.5,3.1,8.8,2023
Saddiq Bey,SF,21,DET,70,53,27.3,4.0,9.9,0.404,2.5,6.6,0.38,1.5,3.3,0.45,0.53,1.8,2.1,0.844,0.6,3.9,4.5,1.4,0.7,0.2,0.9,1.6,12.2,2021
Saddiq Bey,SF,22,DET,82,82,33.0,5.5,13.9,0.396,2.6,7.4,0.346,2.9,6.4,0.454,0.489,2.6,3.1,0.827,1.3,4.1,5.4,2.8,0.9,0.2,1.2,1.6,16.1,2022
Saddiq Bey,SF,23,TOT,77,37,27.6,4.6,10.9,0.422,2.0,5.4,0.361,2.6,5.4,0.483,0.513,2.7,3.1,0.861,1.3,3.4,4.7,1.5,0.9,0.2,0.9,1.6,13.8,2023
Sam Hauser,SF,24,BOS,26,0,6.1,0.9,1.9,0.46,0.7,1.7,0.432,0.2,0.2,0.667,0.65,0.0,0.0,0.0,0.2,0.9,1.1,0.4,0.0,0.1,0.1,0.3,2.5,2022
Sam Hauser,SF,25,BOS,80,8,16.1,2.3,5.0,0.455,1.8,4.2,0.418,0.5,0.8,0.656,0.631,0.2,0.2,0.706,0.4,2.1,2.6,0.9,0.4,0.3,0.4,1.2,6.4,2023
Simone Fontecchio,SF,27,UTA,52,6,14.7,2.2,6.0,0.369,1.2,3.7,0.33,1.0,2.3,0.43,0.47,0.7,0.8,0.795,0.6,1.1,1.7,0.8,0.3,0.2,0.8,1.2,6.3,2023
Svi Mykhailiuk,SF,21,TOT,42,0,10.5,1.1,3.3,0.329,0.7,2.1,0.326,0.4,1.2,0.333,0.432,0.3,0.5,0.6,0.2,0.6,0.9,0.9,0.3,0.0,0.5,0.6,3.2,2019
Svi Mykhailiuk,SF,22,DET,56,27,22.6,3.0,7.2,0.41,2.1,5.1,0.404,0.9,2.1,0.425,0.552,1.0,1.3,0.814,0.3,1.6,1.9,1.9,0.7,0.1,1.1,1.6,9.0,2020
Svi Mykhailiuk,SF,23,TOT,66,14,20.1,3.2,7.7,0.411,1.6,4.8,0.334,1.6,2.9,0.536,0.515,0.6,0.8,0.76,0.4,2.1,2.5,1.7,0.8,0.2,1.3,1.0,8.5,2021
Svi Mykhailiuk,SF,24,TOR,56,5,12.8,1.6,4.2,0.389,0.7,2.4,0.306,0.9,1.8,0.5,0.476,0.6,0.7,0.865,0.4,1.3,1.6,0.8,0.5,0.1,0.6,1.0,4.6,2022
Svi Mykhailiuk,SF,25,TOT,32,8,14.6,2.4,5.4,0.445,1.3,3.1,0.424,1.1,2.3,0.473,0.566,0.8,1.2,0.667,0.5,1.2,1.7,1.7,0.5,0.1,0.8,0.7,6.9,2023
T.J. Warren,SF,25,PHO,43,36,31.6,6.9,14.2,0.486,1.8,4.2,0.428,5.1,10.0,0.51,0.549,2.3,2.9,0.815,0.7,3.3,4.0,1.5,1.2,0.7,1.2,2.8,18.0,2019
T.J. Warren,SF,26,IND,67,67,32.9,8.0,14.9,0.536,1.4,3.4,0.403,6.6,11.5,0.575,0.581,2.5,3.0,0.819,1.0,3.2,4.2,1.5,1.2,0.5,1.3,2.8,19.8,2020
T.J. Warren,SF,27,IND,4,4,29.3,6.8,12.8,0.529,0.0,1.8,0.0,6.8,11.0,0.614,0.529,2.0,2.5,0.8,0.5,3.0,3.5,1.3,0.5,0.0,1.0,4.0,15.5,2021
T.J. Warren,SF,29,TOT,42,0,16.4,3.1,6.4,0.489,0.5,1.6,0.328,2.6,4.8,0.542,0.53,0.7,0.8,0.8,0.6,2.3,2.9,1.0,0.5,0.3,0.5,1.5,7.5,2023
Terance Mann,SF,23,LAC,41,6,8.8,0.9,1.9,0.468,0.2,0.5,0.35,0.7,1.4,0.508,0.513,0.4,0.7,0.667,0.2,1.1,1.3,1.3,0.3,0.1,0.4,1.1,2.4,2020
Terance Mann,SF,24,LAC,67,10,18.9,2.7,5.2,0.509,0.6,1.4,0.418,2.1,3.9,0.541,0.563,1.2,1.4,0.83,0.8,2.8,3.6,1.6,0.4,0.2,0.6,1.9,7.0,2021
Terance Mann,SF,25,LAC,81,33,28.6,4.1,8.5,0.484,0.9,2.6,0.365,3.2,6.0,0.535,0.539,1.6,2.0,0.78,1.3,4.0,5.2,2.6,0.7,0.3,1.0,2.2,10.8,2022
Terance Mann,SF,26,LAC,81,36,23.1,3.4,6.5,0.519,1.0,2.4,0.389,2.4,4.0,0.598,0.593,1.1,1.5,0.78,1.0,2.5,3.4,2.3,0.5,0.3,1.0,1.8,8.8,2023
Thanasis Antetokounmpo,SF,27,MIL,20,2,6.5,1.2,2.4,0.5,0.0,0.5,0.0,1.2,1.9,0.632,0.5,0.4,0.9,0.412,0.6,0.6,1.2,0.8,0.4,0.1,0.6,0.9,2.8,2020
Thanasis Antetokounmpo,SF,28,MIL,57,3,9.7,1.2,2.4,0.489,0.1,0.5,0.241,1.1,1.9,0.556,0.515,0.4,0.9,0.51,0.9,1.2,2.2,0.8,0.4,0.2,0.8,1.3,2.9,2021
Thanasis Antetokounmpo,SF,29,MIL,48,6,9.9,1.5,2.7,0.547,0.0,0.3,0.143,1.4,2.4,0.596,0.555,0.6,1.0,0.63,0.8,1.3,2.1,0.5,0.3,0.3,0.5,1.4,3.6,2022
Thanasis Antetokounmpo,SF,30,MIL,37,0,5.6,0.5,1.2,0.435,0.0,0.2,0.0,0.5,1.0,0.526,0.435,0.3,0.6,0.5,0.4,0.8,1.2,0.4,0.1,0.1,0.3,0.6,1.4,2023
Torrey Craig,SF,28,DEN,75,37,20.0,2.1,4.8,0.442,0.8,2.5,0.324,1.3,2.3,0.569,0.526,0.7,0.9,0.7,1.2,2.3,3.5,1.0,0.5,0.6,0.6,2.3,5.7,2019
Torrey Craig,SF,29,DEN,58,27,18.5,2.1,4.6,0.461,0.8,2.4,0.326,1.4,2.3,0.603,0.545,0.4,0.6,0.611,1.1,2.2,3.3,0.8,0.4,0.6,0.4,2.3,5.4,2020
Torrey Craig,SF,30,TOT,50,8,16.1,2.2,4.5,0.48,0.8,2.1,0.368,1.4,2.4,0.579,0.566,0.3,0.4,0.773,1.1,2.8,3.9,1.0,0.6,0.5,0.5,1.7,5.5,2021
Torrey Craig,SF,31,TOT,78,16,20.5,2.6,5.7,0.454,1.0,3.0,0.329,1.6,2.7,0.594,0.541,0.5,0.7,0.75,1.1,2.9,4.0,1.2,0.6,0.5,0.9,1.9,6.6,2022
Torrey Craig,SF,32,PHO,79,60,24.7,2.9,6.3,0.456,1.3,3.2,0.395,1.6,3.1,0.518,0.556,0.4,0.6,0.711,1.8,3.6,5.4,1.5,0.6,0.8,0.9,2.3,7.4,2023
Trendon Watford,SF,21,POR,48,10,18.1,3.0,5.6,0.532,0.2,0.8,0.237,2.8,4.8,0.581,0.549,1.5,2.0,0.755,1.2,3.0,4.1,1.7,0.5,0.6,0.9,2.4,7.6,2019
Trendon Watford,SF,21,POR,48,10,18.1,3.0,5.6,0.532,0.2,0.8,0.237,2.8,4.8,0.581,0.549,1.5,2.0,0.755,1.2,3.0,4.1,1.7,0.5,0.6,0.9,2.4,7.6,2022
Trendon Watford,SF,22,POR,62,12,19.1,2.9,5.2,0.56,0.4,1.0,0.391,2.5,4.2,0.602,0.599,1.2,1.6,0.72,0.7,3.2,3.8,2.1,0.5,0.2,1.1,1.9,7.4,2023
Trey Murphy III,SF,21,NOP,62,1,13.9,1.8,4.5,0.394,1.1,3.0,0.382,0.6,1.5,0.418,0.522,0.7,0.8,0.882,0.8,1.6,2.4,0.6,0.4,0.1,0.3,1.0,5.4,2022
Trey Murphy III,SF,22,NOP,79,65,31.0,4.9,10.1,0.484,2.6,6.3,0.406,2.3,3.8,0.611,0.61,2.2,2.4,0.905,0.7,2.8,3.6,1.4,1.1,0.5,0.8,2.0,14.5,2023
Troy Brown Jr.,SF,19,WAS,52,10,14.0,1.9,4.5,0.415,0.4,1.3,0.319,1.4,3.2,0.455,0.462,0.6,0.9,0.681,0.7,2.1,2.8,1.5,0.4,0.1,0.6,1.1,4.8,2019
Troy Brown Jr.,SF,20,WAS,69,22,25.8,4.0,9.0,0.439,0.9,2.6,0.341,3.1,6.4,0.479,0.488,1.6,2.0,0.784,1.1,4.4,5.6,2.6,1.2,0.1,1.1,1.9,10.4,2020
Troy Brown Jr.,SF,21,TOT,34,0,15.4,1.8,4.2,0.431,0.6,2.1,0.314,1.2,2.2,0.541,0.507,0.4,0.6,0.714,0.6,2.5,3.1,0.9,0.3,0.2,0.6,1.4,4.7,2021
Troy Brown Jr.,SF,22,CHI,66,7,16.0,1.6,3.9,0.419,0.7,2.0,0.353,0.9,1.9,0.488,0.51,0.3,0.4,0.769,0.6,2.5,3.1,1.0,0.5,0.1,0.4,0.9,4.3,2022
Troy Brown Jr.,SF,23,LAL,76,45,24.5,2.6,6.1,0.43,1.4,3.7,0.381,1.2,2.4,0.505,0.545,0.4,0.5,0.872,0.8,3.2,4.1,1.3,0.8,0.2,0.6,1.6,7.1,2023
Will Barton,SF,28,DEN,43,38,27.7,4.3,10.7,0.402,1.6,4.6,0.342,2.7,6.1,0.447,0.475,1.3,1.7,0.77,0.7,3.9,4.6,2.9,0.4,0.5,1.5,1.9,11.5,2019
Will Barton,SF,29,DEN,58,58,33.0,5.7,12.7,0.45,1.9,5.0,0.375,3.9,7.8,0.498,0.523,1.8,2.3,0.767,1.3,5.0,6.3,3.7,1.1,0.5,1.5,2.1,15.1,2020
Will Barton,SF,30,DEN,56,52,31.0,4.6,10.9,0.426,1.8,4.6,0.381,2.9,6.3,0.459,0.507,1.7,2.2,0.785,0.7,3.3,4.0,3.2,0.9,0.4,1.7,1.7,12.7,2021
Will Barton,SF,31,DEN,71,71,32.1,5.5,12.6,0.438,2.2,6.1,0.365,3.3,6.6,0.504,0.525,1.4,1.8,0.803,0.6,4.2,4.8,3.9,0.8,0.4,1.8,1.6,14.7,2022
Will Barton,SF,32,TOT,56,2,17.7,2.5,6.5,0.379,1.2,3.2,0.367,1.3,3.3,0.391,0.47,0.7,0.8,0.787,0.3,2.2,2.4,2.0,0.5,0.2,0.9,1.0,6.8,2023
Xavier Sneed,SF,24,TOT,9,0,4.3,0.2,1.1,0.2,0.1,0.9,0.125,0.1,0.2,0.5,0.25,0.0,0.0,0.0,0.2,0.4,0.7,0.1,0.0,0.0,0.0,0.2,0.6,2022
Xavier Sneed,SF,25,CHO,4,0,12.0,1.3,2.5,0.5,0.8,1.5,0.5,0.5,1.0,0.5,0.65,1.0,1.0,1.0,0.0,1.3,1.3,1.3,0.0,0.3,0.8,1.8,4.3,2023
Yuta Watanabe,SF,24,MEM,15,0,11.6,1.0,3.4,0.294,0.1,1.1,0.125,0.9,2.3,0.371,0.314,0.5,0.7,0.7,0.3,1.8,2.1,0.5,0.3,0.1,0.4,0.7,2.6,2019
Yuta Watanabe,SF,25,MEM,18,0,5.8,0.8,1.9,0.441,0.2,0.4,0.375,0.7,1.4,0.462,0.485,0.2,0.4,0.375,0.4,0.7,1.1,0.3,0.3,0.1,0.1,0.5,2.0,2020
Yuta Watanabe,SF,26,TOR,50,4,14.5,1.6,3.6,0.439,0.7,1.8,0.4,0.9,1.8,0.478,0.539,0.5,0.6,0.828,0.7,2.5,3.2,0.8,0.5,0.4,0.4,1.1,4.4,2021
Yuta Watanabe,SF,27,TOR,38,4,11.7,1.5,3.6,0.406,0.7,2.1,0.342,0.8,1.6,0.492,0.504,0.6,1.1,0.6,0.5,1.9,2.4,0.6,0.3,0.4,0.5,1.0,4.3,2022
Yuta Watanabe,SF,28,BRK,58,1,16.0,2.0,4.0,0.491,1.0,2.3,0.444,0.9,1.7,0.557,0.621,0.6,0.8,0.723,0.5,1.9,2.4,0.8,0.4,0.3,0.4,1.4,5.6,2023
Ziaire Williams,SF,20,MEM,62,31,21.7,3.1,6.8,0.45,1.2,3.9,0.314,1.9,2.9,0.632,0.54,0.7,0.9,0.782,0.4,1.7,2.1,1.0,0.6,0.2,0.7,1.8,8.1,2019
Ziaire Williams,SF,20,MEM,62,31,21.7,3.1,6.8,0.45,1.2,3.9,0.314,1.9,2.9,0.632,0.54,0.7,0.9,0.782,0.4,1.7,2.1,1.0,0.6,0.2,0.7,1.8,8.1,2022
Ziaire Williams,SF,21,MEM,37,4,15.2,2.3,5.3,0.429,0.7,2.6,0.258,1.6,2.7,0.596,0.492,0.5,0.6,0.773,0.4,1.7,2.1,0.9,0.4,0.2,1.0,1.6,5.7,2023
